LikeID,PostID,UserID,CreatedAt
1,1,b633242c-be5a-4e15-ac8d-989253896723,2025-10-20 08:45:30
2,1,6b654c3a-4ade-4da9-a267-5c9ab8730007,2025-10-20 09:15:20
3,1,5c732c78-6c05-4d6b-9a31-adc02ce52b1f,2025-10-20 10:30:45
4,1,e93f824e-29ba-4795-9bb2-3056bf1ef180,2025-10-20 11:20:15
5,1,33694092-0610-4088-8274-cedd56c1a2ec,2025-10-20 12:45:00
6,2,b1c13a86-f3f3-4296-9ba5-03cce3a8b118,2025-10-19 14:30:15
7,2,6b654c3a-4ade-4da9-a267-5c9ab8730007,2025-10-19 15:00:30
8,2,5c732c78-6c05-4d6b-9a31-adc02ce52b1f,2025-10-19 15:30:45
9,2,e93f824e-29ba-4795-9bb2-3056bf1ef180,2025-10-19 16:15:20
10,2,33694092-0610-4088-8274-cedd56c1a2ec,2025-10-19 16:45:00
11,2,6eed39c9-83b8-43e6-95ab-83c9625e1bf8,2025-10-19 17:30:15
12,2,6fa3fa03-a468-4ae0-8789-2f0d52493a6a,2025-10-19 18:00:30
13,3,b1c13a86-f3f3-4296-9ba5-03cce3a8b118,2025-10-18 20:00:15
14,3,b633242c-be5a-4e15-ac8d-989253896723,2025-10-18 20:30:30
15,3,5c732c78-6c05-4d6b-9a31-adc02ce52b1f,2025-10-18 21:15:45
16,4,b1c13a86-f3f3-4296-9ba5-03cce3a8b118,2025-10-17 10:30:20
17,4,b633242c-be5a-4e15-ac8d-989253896723,2025-10-17 11:00:35
18,4,6b654c3a-4ade-4da9-a267-5c9ab8730007,2025-10-17 11:45:50
19,4,e93f824e-29ba-4795-9bb2-3056bf1ef180,2025-10-17 12:30:15
20,4,33694092-0610-4088-8274-cedd56c1a2ec,2025-10-17 13:15:30
21,5,b1c13a86-f3f3-4296-9ba5-03cce3a8b118,2025-10-16 07:45:15
22,5,b633242c-be5a-4e15-ac8d-989253896723,2025-10-16 08:30:30
23,5,6b654c3a-4ade-4da9-a267-5c9ab8730007,2025-10-16 09:15:45
24,5,5c732c78-6c05-4d6b-9a31-adc02ce52b1f,2025-10-16 10:00:20
25,5,e93f824e-29ba-4795-9bb2-3056bf1ef180,2025-10-16 11:30:35
26,6,b1c13a86-f3f3-4296-9ba5-03cce3a8b118,2025-10-15 17:15:30
27,6,b633242c-be5a-4e15-ac8d-989253896723,2025-10-15 18:00:45
28,6,6b654c3a-4ade-4da9-a267-5c9ab8730007,2025-10-15 18:45:20
29,7,b1c13a86-f3f3-4296-9ba5-03cce3a8b118,2025-10-14 09:45:15
30,7,b633242c-be5a-4e15-ac8d-989253896723,2025-10-14 10:30:30
31,7,6b654c3a-4ade-4da9-a267-5c9ab8730007,2025-10-14 11:15:45
32,7,5c732c78-6c05-4d6b-9a31-adc02ce52b1f,2025-10-14 12:00:20
33,7,e93f824e-29ba-4795-9bb2-3056bf1ef180,2025-10-14 13:30:35
34,7,33694092-0610-4088-8274-cedd56c1a2ec,2025-10-14 14:15:50
35,8,b1c13a86-f3f3-4296-9ba5-03cce3a8b118,2025-10-13 12:00:15
36,8,b633242c-be5a-4e15-ac8d-989253896723,2025-10-13 13:15:30
37,8,6b654c3a-4ade-4da9-a267-5c9ab8730007,2025-10-13 14:30:45
38,8,5c732c78-6c05-4d6b-9a31-adc02ce52b1f,2025-10-13 15:45:20
39,9,b1c13a86-f3f3-4296-9ba5-03cce3a8b118,2025-10-12 12:45:30
40,9,b633242c-be5a-4e15-ac8d-989253896723,2025-10-12 13:30:45
41,10,b1c13a86-f3f3-4296-9ba5-03cce3a8b118,2025-10-11 20:30:15
42,10,b633242c-be5a-4e15-ac8d-989253896723,2025-10-11 21:15:30
43,10,6b654c3a-4ade-4da9-a267-5c9ab8730007,2025-10-11 22:00:45
44,10,5c732c78-6c05-4d6b-9a31-adc02ce52b1f,2025-10-11 22:45:20
45,11,23b59c80-4a91-47ee-b051-7eacf6f2ca41,2025-10-10 18:15:30
46,11,b1c13a86-f3f3-4296-9ba5-03cce3a8b118,2025-10-10 19:00:45
47,11,b633242c-be5a-4e15-ac8d-989253896723,2025-10-10 19:45:20
48,12,b1c13a86-f3f3-4296-9ba5-03cce3a8b118,2025-10-09 15:45:15
49,12,b633242c-be5a-4e15-ac8d-989253896723,2025-10-09 16:30:30
50,12,6b654c3a-4ade-4da9-a267-5c9ab8730007,2025-10-09 17:15:45
51,12,5c732c78-6c05-4d6b-9a31-adc02ce52b1f,2025-10-09 18:00:20
52,13,b1c13a86-f3f3-4296-9ba5-03cce3a8b118,2025-10-08 21:45:45
53,13,b633242c-be5a-4e15-ac8d-989253896723,2025-10-08 22:30:20
54,13,6b654c3a-4ade-4da9-a267-5c9ab8730007,2025-10-08 23:15:35
55,13,5c732c78-6c05-4d6b-9a31-adc02ce52b1f,2025-10-09 00:00:50
56,14,b1c13a86-f3f3-4296-9ba5-03cce3a8b118,2025-10-07 09:00:15
57,14,b633242c-be5a-4e15-ac8d-989253896723,2025-10-07 09:45:30
58,14,6b654c3a-4ade-4da9-a267-5c9ab8730007,2025-10-07 10:30:45
59,15,b1c13a86-f3f3-4296-9ba5-03cce3a8b118,2025-10-06 14:45:30
60,15,b633242c-be5a-4e15-ac8d-989253896723,2025-10-06 15:30:45
61,15,6b654c3a-4ade-4da9-a267-5c9ab8730007,2025-10-06 16:15:20
62,16,558cdd20-e089-414a-b7bd-18fca64d2608,2025-10-05 19:45:00
63,16,b1c13a86-f3f3-4296-9ba5-03cce3a8b118,2025-10-05 20:30:15
64,16,b633242c-be5a-4e15-ac8d-989253896723,2025-10-05 21:15:30
65,17,b1c13a86-f3f3-4296-9ba5-03cce3a8b118,2025-10-04 10:30:20
66,17,b633242c-be5a-4e15-ac8d-989253896723,2025-10-04 11:15:35
67,17,6b654c3a-4ade-4da9-a267-5c9ab8730007,2025-10-04 12:00:50
68,17,5c732c78-6c05-4d6b-9a31-adc02ce52b1f,2025-10-04 13:30:15
69,18,b1c13a86-f3f3-4296-9ba5-03cce3a8b118,2025-10-03 09:15:15
70,18,b633242c-be5a-4e15-ac8d-989253896723,2025-10-03 10:00:30
71,18,6b654c3a-4ade-4da9-a267-5c9ab8730007,2025-10-03 10:45:45
72,19,b1c13a86-f3f3-4296-9ba5-03cce3a8b118,2025-10-02 17:00:15
73,19,b633242c-be5a-4e15-ac8d-989253896723,2025-10-02 17:45:30
74,19,6b654c3a-4ade-4da9-a267-5c9ab8730007,2025-10-02 18:30:45
75,19,5c732c78-6c05-4d6b-9a31-adc02ce52b1f,2025-10-02 19:15:20
76,20,b1c13a86-f3f3-4296-9ba5-03cce3a8b118,2025-10-01 07:45:30
77,20,b633242c-be5a-4e15-ac8d-989253896723,2025-10-01 08:30:45
78,20,6b654c3a-4ade-4da9-a267-5c9ab8730007,2025-10-01 09:15:20
79,21,b1c13a86-f3f3-4296-9ba5-03cce3a8b118,2025-09-30 13:45:30
80,21,b633242c-be5a-4e15-ac8d-989253896723,2025-09-30 14:30:45
81,21,6b654c3a-4ade-4da9-a267-5c9ab8730007,2025-09-30 15:15:20
82,21,5c732c78-6c05-4d6b-9a31-adc02ce52b1f,2025-09-30 16:00:35
83,22,b1c13a86-f3f3-4296-9ba5-03cce3a8b118,2025-09-29 17:15:15
84,22,b633242c-be5a-4e15-ac8d-989253896723,2025-09-29 18:00:30
85,22,1d837871-8735-4141-83d9-592d9aef042a,2025-09-29 18:45:45
86,23,b1c13a86-f3f3-4296-9ba5-03cce3a8b118,2025-09-28 12:00:15
87,23,b633242c-be5a-4e15-ac8d-989253896723,2025-09-28 12:45:30
88,23,6b654c3a-4ade-4da9-a267-5c9ab8730007,2025-09-28 13:30:45
89,23,5c732c78-6c05-4d6b-9a31-adc02ce52b1f,2025-09-28 14:15:20
90,24,b1c13a86-f3f3-4296-9ba5-03cce3a8b118,2025-09-27 14:45:20
91,24,b633242c-be5a-4e15-ac8d-989253896723,2025-09-27 15:30:35
92,24,6b654c3a-4ade-4da9-a267-5c9ab8730007,2025-09-27 16:15:50
93,25,b1c13a86-f3f3-4296-9ba5-03cce3a8b118,2025-09-26 20:15:15
94,25,b633242c-be5a-4e15-ac8d-989253896723,2025-09-26 21:00:30
95,25,6b654c3a-4ade-4da9-a267-5c9ab8730007,2025-09-26 21:45:45
96,25,5c732c78-6c05-4d6b-9a31-adc02ce52b1f,2025-09-26 22:30:20
97,26,b1c13a86-f3f3-4296-9ba5-03cce3a8b118,2025-09-25 12:30:30
98,26,b633242c-be5a-4e15-ac8d-989253896723,2025-09-25 13:15:45
99,26,6b654c3a-4ade-4da9-a267-5c9ab8730007,2025-09-25 14:00:20
100,27,b1c13a86-f3f3-4296-9ba5-03cce3a8b118,2025-09-24 16:00:15
101,27,5403dc51-6709-460c-90b3-8e9abebce43a,2025-09-24 16:45:30
102,28,b1c13a86-f3f3-4296-9ba5-03cce3a8b118,2025-09-23 09:45:15
103,28,b633242c-be5a-4e15-ac8d-989253896723,2025-09-23 10:30:30
104,28,6b654c3a-4ade-4da9-a267-5c9ab8730007,2025-09-23 11:15:45
105,28,5c732c78-6c05-4d6b-9a31-adc02ce52b1f,2025-09-23 12:00:20
106,29,b1c13a86-f3f3-4296-9ba5-03cce3a8b118,2025-09-22 10:35:20
107,29,b633242c-be5a-4e15-ac8d-989253896723,2025-09-22 11:20:35
108,29,6b654c3a-4ade-4da9-a267-5c9ab8730007,2025-09-22 12:05:50
109,29,5c732c78-6c05-4d6b-9a31-adc02ce52b1f,2025-09-22 13:30:15
110,30,b1c13a86-f3f3-4296-9ba5-03cce3a8b118,2025-09-21 16:15:30
111,30,b633242c-be5a-4e15-ac8d-989253896723,2025-09-21 17:00:45
112,30,9f010aa5-3bc0-454a-943d-06055f729f48,2025-09-21 17:45:20
113,31,b1c13a86-f3f3-4296-9ba5-03cce3a8b118,2025-09-20 18:45:15
114,31,b633242c-be5a-4e15-ac8d-989253896723,2025-09-20 19:30:30
115,31,3659ba56-1673-4e28-a06e-494184f2b2f1,2025-09-20 20:15:45
116,32,b1c13a86-f3f3-4296-9ba5-03cce3a8b118,2025-09-19 08:00:20
117,32,b633242c-be5a-4e15-ac8d-989253896723,2025-09-19 08:45:35
118,32,6b654c3a-4ade-4da9-a267-5c9ab8730007,2025-09-19 09:30:50
119,32,5c732c78-6c05-4d6b-9a31-adc02ce52b1f,2025-09-19 10:15:15
120,33,b1c13a86-f3f3-4296-9ba5-03cce3a8b118,2025-09-18 13:30:15
121,33,b633242c-be5a-4e15-ac8d-989253896723,2025-09-18 14:15:30
122,34,b1c13a86-f3f3-4296-9ba5-03cce3a8b118,2025-09-17 11:45:45
123,34,b633242c-be5a-4e15-ac8d-989253896723,2025-09-17 12:30:20
124,34,6b654c3a-4ade-4da9-a267-5c9ab8730007,2025-09-17 13:15:35
125,34,5c732c78-6c05-4d6b-9a31-adc02ce52b1f,2025-09-17 14:00:50
126,35,b1c13a86-f3f3-4296-9ba5-03cce3a8b118,2025-09-16 14:15:15
127,35,b633242c-be5a-4e15-ac8d-989253896723,2025-09-16 15:00:30
128,35,6b654c3a-4ade-4da9-a267-5c9ab8730007,2025-09-16 15:45:45
129,36,b1c13a86-f3f3-4296-9ba5-03cce3a8b118,2025-09-15 08:35:30
130,36,b633242c-be5a-4e15-ac8d-989253896723,2025-09-15 09:20:45
131,37,b1c13a86-f3f3-4296-9ba5-03cce3a8b118,2025-09-14 20:00:15
132,37,03023a08-98b0-4a9c-9562-584d7c7624c1,2025-09-14 20:45:30
133,38,b1c13a86-f3f3-4296-9ba5-03cce3a8b118,2025-09-13 17:45:20
134,38,b633242c-be5a-4e15-ac8d-989253896723,2025-09-13 18:30:35
135,38,6b654c3a-4ade-4da9-a267-5c9ab8730007,2025-09-13 19:15:50
136,38,2d377520-e359-48c2-b2d6-cf0de98f9cce,2025-09-13 20:00:15
137,39,b1c13a86-f3f3-4296-9ba5-03cce3a8b118,2025-09-12 08:15:15
138,39,b633242c-be5a-4e15-ac8d-989253896723,2025-09-12 09:00:30
139,39,6b654c3a-4ade-4da9-a267-5c9ab8730007,2025-09-12 09:45:45
140,40,b1c13a86-f3f3-4296-9ba5-03cce3a8b118,2025-09-11 20:30:30
141,40,b633242c-be5a-4e15-ac8d-989253896723,2025-09-11 21:15:45
142,40,84e33ae0-3e05-49c9-8493-a57f9083ea0f,2025-09-11 22:00:20
143,41,b1c13a86-f3f3-4296-9ba5-03cce3a8b118,2025-09-10 15:45:15
144,41,2ce01aad-5a0e-481d-b48c-382fe9a44381,2025-09-10 16:30:30
145,42,b1c13a86-f3f3-4296-9ba5-03cce3a8b118,2025-09-09 11:00:15
146,42,b633242c-be5a-4e15-ac8d-989253896723,2025-09-09 11:45:30
147,42,6b654c3a-4ade-4da9-a267-5c9ab8730007,2025-09-09 12:30:45
148,42,fc164408-145d-450e-84f6-df51ec926eca,2025-09-09 13:15:20
149,43,b1c13a86-f3f3-4296-9ba5-03cce3a8b118,2025-09-08 12:15:15
150,43,674d8dfb-d588-4512-8ca9-941665abd3ba,2025-09-08 13:00:30
151,44,b1c13a86-f3f3-4296-9ba5-03cce3a8b118,2025-09-07 09:35:30
152,44,b633242c-be5a-4e15-ac8d-989253896723,2025-09-07 10:20:45
153,44,b636b593-f99a-4047-99c5-d84d0be7abef,2025-09-07 11:05:20
154,45,b1c13a86-f3f3-4296-9ba5-03cce3a8b118,2025-09-06 16:45:45
155,45,b633242c-be5a-4e15-ac8d-989253896723,2025-09-06 17:30:20
156,45,0f8c2cba-0c9f-4de9-9cfb-e4c3a8aa3020,2025-09-06 18:15:35
157,46,b1c13a86-f3f3-4296-9ba5-03cce3a8b118,2025-09-05 11:30:15
158,46,6d0aaf6e-3dfe-4890-aefb-8bb73af2c068,2025-09-05 12:15:30
159,47,b633242c-be5a-4e15-ac8d-989253896723,2025-09-04 08:45:20
160,47,6b654c3a-4ade-4da9-a267-5c9ab8730007,2025-09-04 09:30:35
161,48,b1c13a86-f3f3-4296-9ba5-03cce3a8b118,2025-09-03 15:00:15
162,48,6b654c3a-4ade-4da9-a267-5c9ab8730007,2025-09-03 15:45:30
163,49,b1c13a86-f3f3-4296-9ba5-03cce3a8b118,2025-09-02 21:15:15
164,50,b1c13a86-f3f3-4296-9ba5-03cce3a8b118,2025-09-01 13:35:30
165,50,b633242c-be5a-4e15-ac8d-989253896723,2025-09-01 14:20:45
166,50,6b654c3a-4ade-4da9-a267-5c9ab8730007,2025-09-01 15:05:20
167,50,5c732c78-6c05-4d6b-9a31-adc02ce52b1f,2025-09-01 16:30:35

