UserID,UserName,Password,FullName,Bio,AvatarUrl,Email,Phone,Gender,DOB,Address,CreatedAt,StatusId
b1c13a86-f3f3-4296-9ba5-03cce3a8b118,thao.tran50,pQdAB4p8bP,Trần Thị Thảo,Tìm kiếm những trải nghiệm mới.,https://example.com/avatars/thao.tran50.jpg,thao.tran50@example.com,0917765663,1,1987-01-21 22:01:31,Biên Hòa,2024-01-01 17:33:23,1
b633242c-be5a-4e15-ac8d-989253896723,phuong.nguyen29,KQf1r701df,Nguyễn Công Đức Phương,Đam mê công nghệ và lập trình.,https://example.com/avatars/phuong.nguyen29.jpg,phuong.nguyen29@example.com,0955418292,1,1971-05-09 11:04:30,Hà Nội,2021-02-06 02:37:32,3
6b654c3a-4ade-4da9-a267-5c9ab8730007,uyen.huynh30,ZInuld6YwD,Huỳnh Ngọc Minh Uyên,Thích đọc sách và đi du lịch.,https://example.com/avatars/uyen.huynh30.jpg,uyen.huynh30@example.com,0964709858,1,2002-09-03 10:20:50,Hải Phòng,2022-03-04 08:48:32,4
5c732c78-6c05-4d6b-9a31-adc02ce52b1f,huy.phan72,NZWGTeigRL,Phan Công Huy,Đam mê công nghệ và lập trình.,https://example.com/avatars/huy.phan72.jpg,huy.phan72@example.com,0923789460,0,1970-11-01 04:44:56,Biên Hòa,2024-04-02 11:25:57,-1
0163cf9b-fe10-4ac9-a33e-d76fcadb87ba,khanh.tran16,9MZJUe6GKy,Trần Văn Thu Khánh,Tìm kiếm những trải nghiệm mới.,https://example.com/avatars/khanh.tran16.jpg,khanh.tran16@example.com,0934526951,0,1977-09-13 15:47:24,Vinh,2024-11-08 00:47:57,3
e93f824e-29ba-4795-9bb2-3056bf1ef180,giang.vu12,N4XWcFssYM,Vũ Thị Mạnh Giang,Thích đọc sách và đi du lịch.,https://example.com/avatars/giang.vu12.jpg,giang.vu12@example.com,0969912292,1,1984-06-25 01:29:29,Vinh,2023-09-27 16:11:46,3
33694092-0610-4088-8274-cedd56c1a2ec,cuong.do38,dRSkbt3VAM,Đỗ Văn Công Cường,Tìm kiếm những trải nghiệm mới.,https://example.com/avatars/cuong.do38.jpg,cuong.do38@example.com,0917271021,0,1979-05-18 01:49:57,Hải Phòng,2024-01-27 05:09:10,4
6eed39c9-83b8-43e6-95ab-83c9625e1bf8,nga.phan87,q9vLvj6dJJ,Phan Thị Nga,Đam mê công nghệ và lập trình.,https://example.com/avatars/nga.phan87.jpg,nga.phan87@example.com,0932696807,1,1981-08-06 21:23:52,Vinh,2024-07-18 21:09:45,1
6fa3fa03-a468-4ae0-8789-2f0d52493a6a,thanh.nguyen93,Ay6drtnpSw,Nguyễn Văn Thành,Một người hướng nội thích cà phê và những ngày mưa.,https://example.com/avatars/thanh.nguyen93.jpg,thanh.nguyen93@example.com,0937504745,0,1991-10-12 04:41:03,Biên Hòa,2025-05-25 04:06:40,-1
2cc4a664-5344-4d07-9400-8642f7a67053,dung.bui21,vsGezBU1Kz,Bùi Văn Dũng,Tìm kiếm những trải nghiệm mới.,https://example.com/avatars/dung.bui21.jpg,dung.bui21@example.com,0938379354,0,1978-05-04 13:29:24,Vũng Tàu,2022-11-20 21:36:23,1
4433fa69-510c-417c-b819-49c35b6ebd09,quan.ly33,ZY7ers9Hbn,Lý Văn Quân,Thích đọc sách và đi du lịch.,https://example.com/avatars/quan.ly33.jpg,quan.ly33@example.com,0936704003,0,2004-06-28 03:04:42,Hà Nội,2024-06-24 16:24:29,1
23b59c80-4a91-47ee-b051-7eacf6f2ca41,linh.nguyen73,sa1iT1RGGU,Nguyễn Gia Mạnh Linh,Yêu âm nhạc và chơi guitar.,https://example.com/avatars/linh.nguyen73.jpg,linh.nguyen73@example.com,0987846409,1,1967-04-30 07:43:22,TP. Hồ Chí Minh,2025-06-24 12:10:27,-1
068b8c0a-8f78-423d-b293-1ad31d4ada34,nam.nguyen21,XNg0OGuA8P,Nguyễn Văn Ngọc Nam,Yêu âm nhạc và chơi guitar.,https://example.com/avatars/nam.nguyen21.jpg,nam.nguyen21@example.com,0957372023,0,1964-05-30 13:11:45,Cần Thơ,2021-08-28 17:05:40,4
48bc63e9-543c-41fa-a4f3-452366917166,phong.le95,dhQfO0zoaA,Lê Văn Ngọc Phong,Một người hướng nội thích cà phê và những ngày mưa.,https://example.com/avatars/phong.le95.jpg,phong.le95@example.com,0907906037,0,1979-08-20 07:47:19,TP. Hồ Chí Minh,2024-06-21 03:23:31,0
9bc45ca6-ead5-452f-9835-b57f4afa4c6b,an.duong29,F0aT6hUjoE,Dương Công An,Một người hướng nội thích cà phê và những ngày mưa.,https://example.com/avatars/an.duong29.jpg,an.duong29@example.com,0917020032,0,1965-06-12 18:41:29,Nha Trang,2022-05-23 19:47:02,1
9fce07f6-a324-4ca3-ba5b-34b8cdf5e772,minh.vu48,0zcHcO3g0k,Vũ Quốc Minh,Thích đọc sách và đi du lịch.,https://example.com/avatars/minh.vu48.jpg,minh.vu48@example.com,0991378968,0,1984-05-04 13:38:42,Vinh,2021-03-31 06:08:03,0
558cdd20-e089-414a-b7bd-18fca64d2608,long.pham43,Vtjtn91ueT,Phạm Văn Mỹ Long,Yêu âm nhạc và chơi guitar.,https://example.com/avatars/long.pham43.jpg,long.pham43@example.com,0929555146,0,1974-05-25 20:59:37,Vinh,2022-03-08 20:24:28,0
e8d237e0-6434-4187-b557-9ec1b593b219,uyen.hoang77,Bi98yZjXpD,Hoàng Thị Uyên,Đam mê công nghệ và lập trình.,https://example.com/avatars/uyen.hoang77.jpg,uyen.hoang77@example.com,0916697099,1,1994-09-27 23:10:50,Huế,2024-11-09 02:25:39,-1
730bb91f-fe34-432c-b167-8db8a48c8e7d,binh.hoang29,WCn1iD8ON5,Hoàng Văn Quốc Bình,Yêu âm nhạc và chơi guitar.,https://example.com/avatars/binh.hoang29.jpg,binh.hoang29@example.com,0948041499,0,1998-09-28 03:30:40,Biên Hòa,2023-01-11 18:20:44,0
f0f22b95-c10f-42e1-92b4-bcb0899b945e,dung.phan6,9mwjzs0IqV,Phan Thị Dung,Đam mê công nghệ và lập trình.,https://example.com/avatars/dung.phan6.jpg,dung.phan6@example.com,0929214879,1,1998-06-25 21:14:43,Hà Nội,2021-04-28 14:05:44,-1
c2b7fb43-1a1f-43be-bb58-459a6035034c,chi.ho52,rHFDQxqv3P,Hồ Thị Phương Chi,Một người hướng nội thích cà phê và những ngày mưa.,https://example.com/avatars/chi.ho52.jpg,chi.ho52@example.com,0954699968,1,1999-07-16 00:53:24,Huế,2024-04-12 23:17:27,4
e83a5f3b-f2b2-4060-ba11-a0a2c6cb812a,trung.dang27,fv0XmLVhaM,Đặng Văn Phương Trung,Đam mê công nghệ và lập trình.,https://example.com/avatars/trung.dang27.jpg,trung.dang27@example.com,0955431909,0,1994-05-01 06:29:50,Vũng Tàu,2021-07-08 08:29:17,1
1d837871-8735-4141-83d9-592d9aef042a,giang.ho49,wLL2ix9fYQ,Hồ Thị Giang,Thích đọc sách và đi du lịch.,https://example.com/avatars/giang.ho49.jpg,giang.ho49@example.com,0902830764,1,1979-06-29 06:43:47,Vũng Tàu,2022-01-26 04:52:38,4
26221568-2dd9-4f97-87cc-30caf520e300,ha.phan84,A4TsTPkNAp,Phan Thị Hà,Thích đọc sách và đi du lịch.,https://example.com/avatars/ha.phan84.jpg,ha.phan84@example.com,0986938357,1,1976-09-27 14:54:08,Hà Nội,2024-12-12 21:59:13,0
31ed8aee-fc75-4c82-b2fd-79886f7f2975,trang.ho69,u45QY4m5nn,Hồ Thị Công Trang,Một người hướng nội thích cà phê và những ngày mưa.,https://example.com/avatars/trang.ho69.jpg,trang.ho69@example.com,0934526209,1,1977-03-20 16:36:49,Hải Phòng,2020-11-09 13:42:36,-1
f71236dc-e977-45d8-96b4-d2b25a04b364,huy.phan78,67DeEU2qNU,Phan Văn Huy,Yêu âm nhạc và chơi guitar.,https://example.com/avatars/huy.phan78.jpg,huy.phan78@example.com,0958515658,0,2003-06-07 09:47:31,Biên Hòa,2024-10-30 02:30:19,0
da97631f-a81c-4c05-b568-75b060d3146c,phong.bui21,hlPOF4H7bN,Bùi Văn Phong,Đam mê công nghệ và lập trình.,https://example.com/avatars/phong.bui21.jpg,phong.bui21@example.com,0967849883,0,1996-01-29 00:34:47,Đà Nẵng,2020-12-04 18:36:39,0
84f7e735-21d6-4080-a3f7-91c4b1e57446,minh.ngo82,2hZiDb24lL,Ngô Mỹ Minh,Tìm kiếm những trải nghiệm mới.,https://example.com/avatars/minh.ngo82.jpg,minh.ngo82@example.com,0948217968,0,2002-05-12 17:19:32,Đà Nẵng,2022-02-06 15:33:51,4
5403dc51-6709-460c-90b3-8e9abebce43a,nga.bui96,FKEGzY5k3q,Bùi Công Nga,Thích đọc sách và đi du lịch.,https://example.com/avatars/nga.bui96.jpg,nga.bui96@example.com,0998143083,1,1974-09-22 06:45:12,Vinh,2022-12-23 23:20:22,0
45d67185-7732-46ce-b99c-93197a66fb41,quan.ly98,TKThQwU7bh,Lý Đức Hữu Quân,Thích đọc sách và đi du lịch.,https://example.com/avatars/quan.ly98.jpg,quan.ly98@example.com,0957742230,0,1968-05-21 10:46:51,Hà Nội,2021-11-11 14:44:03,0
ef26d43b-4f10-4163-8174-6210edb0dceb,thanh.dang32,m8chfDVqhp,Đặng Văn Thành,Một người hướng nội thích cà phê và những ngày mưa.,https://example.com/avatars/thanh.dang32.jpg,thanh.dang32@example.com,0931078531,0,1973-09-09 08:54:53,Đà Nẵng,2021-03-12 05:57:39,4
9f010aa5-3bc0-454a-943d-06055f729f48,an.ly81,InNkU8h93F,Lý Thị Phương An,Thích đọc sách và đi du lịch.,https://example.com/avatars/an.ly81.jpg,an.ly81@example.com,0983931547,1,1966-03-13 12:19:29,Vinh,2022-12-25 20:07:19,3
3659ba56-1673-4e28-a06e-494184f2b2f1,vy.hoang43,mtVHoA6IFZ,Hoàng Minh Vy,Yêu âm nhạc và chơi guitar.,https://example.com/avatars/vy.hoang43.jpg,vy.hoang43@example.com,0927920889,1,1993-09-28 12:27:39,Hải Phòng,2020-11-29 11:15:37,-1
e31c97ef-6df9-4973-830e-296b7767e786,ha.ngo45,b7nyge0h2U,Ngô Thị Hà,Một người hướng nội thích cà phê và những ngày mưa.,https://example.com/avatars/ha.ngo45.jpg,ha.ngo45@example.com,0981910673,1,1968-03-12 06:57:45,Hà Nội,2020-12-30 09:47:20,-1
82c35ed5-c8c5-48f3-97ed-b3ced4113a1b,tuan.vo80,dZbcIR2BVG,Võ Văn Tuấn,Một người hướng nội thích cà phê và những ngày mưa.,https://example.com/avatars/tuan.vo80.jpg,tuan.vo80@example.com,0902969401,0,1993-06-01 05:20:27,Cần Thơ,2022-04-24 06:05:50,4
29feb88b-ca36-446f-97e6-d6a3c959d61f,an.huynh11,SaCfXHjlws,Huỳnh Ngọc An,Một người hướng nội thích cà phê và những ngày mưa.,https://example.com/avatars/an.huynh11.jpg,an.huynh11@example.com,0948263468,0,1970-05-27 11:33:04,TP. Hồ Chí Minh,2022-03-21 09:50:12,0
82a6e2a7-2fb1-4f26-b869-f784aeac3448,dung.do40,KH08HSSJiv,Đỗ Thị Dung,Tìm kiếm những trải nghiệm mới.,https://example.com/avatars/dung.do40.jpg,dung.do40@example.com,0979759244,1,1996-04-15 15:56:42,Hải Phòng,2025-01-02 23:49:21,4
345fa40b-a3ba-4e25-9f11-e2887cfbfacb,an.pham92,iloUyr89bn,Phạm Bảo An,Đam mê công nghệ và lập trình.,https://example.com/avatars/an.pham92.jpg,an.pham92@example.com,0990481634,0,1968-11-03 10:21:01,Hải Phòng,2022-08-28 07:45:32,3
a2d5e807-e029-498a-b712-cff822988c18,thao.le45,Vysqfj48qm,Lê Thị Thảo,Một người hướng nội thích cà phê và những ngày mưa.,https://example.com/avatars/thao.le45.jpg,thao.le45@example.com,0926159192,1,1986-03-07 13:15:12,Biên Hòa,2021-05-03 09:46:10,1
03023a08-98b0-4a9c-9562-584d7c7624c1,an.ly78,LnN25REwFv,Lý Thị An,Yêu âm nhạc và chơi guitar.,https://example.com/avatars/an.ly78.jpg,an.ly78@example.com,0980733997,1,1969-02-20 20:32:36,Huế,2021-07-09 01:56:48,4
2d377520-e359-48c2-b2d6-cf0de98f9cce,giang.pham59,4hAYVsHlC7,Phạm Thị Mạnh Giang,Yêu âm nhạc và chơi guitar.,https://example.com/avatars/giang.pham59.jpg,giang.pham59@example.com,0920196352,1,1991-11-06 12:39:53,Hà Nội,2021-08-19 14:43:39,4
ce2f2663-09fe-4373-a44e-3286b4b599cc,viet.huynh65,Q7EZ2YE5QJ,Huỳnh Văn Bảo Việt,Một người hướng nội thích cà phê và những ngày mưa.,https://example.com/avatars/viet.huynh65.jpg,viet.huynh65@example.com,0976137404,0,1988-06-02 03:06:02,TP. Hồ Chí Minh,2021-02-28 03:26:31,0
84e33ae0-3e05-49c9-8493-a57f9083ea0f,mai.ho42,4aMRLCCMEk,Hồ Thị Mai,Yêu âm nhạc và chơi guitar.,https://example.com/avatars/mai.ho42.jpg,mai.ho42@example.com,0962282436,1,1989-02-02 13:02:02,TP. Hồ Chí Minh,2022-09-24 05:24:51,1
2ce01aad-5a0e-481d-b48c-382fe9a44381,cuong.nguyen2,fsWDm0p3k8,Nguyễn Văn Thu Cường,Đam mê công nghệ và lập trình.,https://example.com/avatars/cuong.nguyen2.jpg,cuong.nguyen2@example.com,0904842358,0,1975-11-21 07:15:53,Huế,2024-04-05 17:00:02,3
fc164408-145d-450e-84f6-df51ec926eca,uyen.nguyen28,tKUY76ucDc,Nguyễn Thị Hữu Uyên,Thích đọc sách và đi du lịch.,https://example.com/avatars/uyen.nguyen28.jpg,uyen.nguyen28@example.com,0936401840,1,1989-09-29 08:43:52,Đà Nẵng,2020-12-09 22:00:38,3
674d8dfb-d588-4512-8ca9-941665abd3ba,phuong.dang46,SX432kmcgM,Đặng Thị Phương,Tìm kiếm những trải nghiệm mới.,https://example.com/avatars/phuong.dang46.jpg,phuong.dang46@example.com,0905884315,1,1997-07-14 15:13:30,Hải Phòng,2022-06-25 11:12:46,4
b636b593-f99a-4047-99c5-d84d0be7abef,long.do30,dOtNY62fUl,Đỗ Quốc Mỹ Long,Đam mê công nghệ và lập trình.,https://example.com/avatars/long.do30.jpg,long.do30@example.com,0906726474,0,1982-06-21 19:05:47,Biên Hòa,2024-11-26 20:10:05,0
0f8c2cba-0c9f-4de9-9cfb-e4c3a8aa3020,an.bui66,g2WDQ7nUhm,Bùi Thị Thu An,Đam mê công nghệ và lập trình.,https://example.com/avatars/an.bui66.jpg,an.bui66@example.com,0981570384,1,1970-10-23 10:16:51,TP. Hồ Chí Minh,2024-07-21 14:04:58,4
6d0aaf6e-3dfe-4890-aefb-8bb73af2c068,mai.tran45,EefXa488XA,Trần Thu Văn Mai,Tìm kiếm những trải nghiệm mới.,https://example.com/avatars/mai.tran45.jpg,mai.tran45@example.com,0979677215,1,1981-05-25 20:19:45,Hải Phòng,2022-12-09 16:27:09,1
010eff4b-ca48-4e8f-9eac-1145aae6b35a,lan.nguyen31,E6Dhj95qb9,Nguyễn Thị Mỹ Lan,Yêu âm nhạc và chơi guitar.,https://example.com/avatars/lan.nguyen31.jpg,lan.nguyen31@example.com,0978054989,1,1963-08-22 15:00:05,Đà Nẵng,2024-11-05 20:23:43,1
74634cae-680b-4d85-bab8-9a9062fc4ee0,tuan.le89,MJHP98Nfb6,Lê Văn Tuấn,Tìm kiếm những trải nghiệm mới.,https://example.com/avatars/tuan.le89.jpg,tuan.le89@example.com,0966041326,0,1979-05-31 03:18:40,Đà Nẵng,2022-03-24 22:58:36,0
4fec1d3b-ecb4-4afd-bc73-90260504daae,ngoc.hoang46,FnpIxMXJPS,Hoàng Gia Ngọc,Thích đọc sách và đi du lịch.,https://example.com/avatars/ngoc.hoang46.jpg,ngoc.hoang46@example.com,0915670135,1,1993-12-30 05:36:04,Cần Thơ,2023-03-14 22:31:33,1
9ea02c82-0222-47b0-b7e8-1685eaf1a7d7,thao.tran88,k3mSPkFAIi,Trần Thị Minh Thảo,Thích đọc sách và đi du lịch.,https://example.com/avatars/thao.tran88.jpg,thao.tran88@example.com,0901670824,1,1964-05-19 18:49:10,Hải Phòng,2021-10-27 13:17:40,-1
3d597ea0-7f18-489a-8855-e09c59ba9241,mai.ngo85,bKSl69J0sj,Ngô Thu Mai,Một người hướng nội thích cà phê và những ngày mưa.,https://example.com/avatars/mai.ngo85.jpg,mai.ngo85@example.com,0919090650,1,2005-06-17 18:32:51,Huế,2022-07-08 16:56:57,1
1b9190c4-9957-48d4-b8e2-e751d28ae4e9,quan.tran78,ucTFdbNVcO,Trần Văn Quân,Yêu âm nhạc và chơi guitar.,https://example.com/avatars/quan.tran78.jpg,quan.tran78@example.com,0966605189,0,1969-03-02 14:45:21,Hà Nội,2023-02-02 03:01:38,0
068eab4c-e244-4067-a25b-5c39c4243335,son.huynh36,efUnisI3gy,Huỳnh Văn Sơn,Một người hướng nội thích cà phê và những ngày mưa.,https://example.com/avatars/son.huynh36.jpg,son.huynh36@example.com,0976904837,0,1979-04-21 04:58:35,Nha Trang,2023-08-09 12:34:26,1
f80007f3-1699-4187-a951-9485f726f93a,quynh.do33,Aas3L5rCYT,Đỗ Thị Quỳnh,Một người hướng nội thích cà phê và những ngày mưa.,https://example.com/avatars/quynh.do33.jpg,quynh.do33@example.com,0955599769,1,1986-01-05 03:04:50,TP. Hồ Chí Minh,2023-09-29 02:15:00,1
b592d1cc-e74f-4760-bf41-ef1dea7a3534,ha.bui62,Og1CczLBQW,Bùi Thị Hà,Một người hướng nội thích cà phê và những ngày mưa.,https://example.com/avatars/ha.bui62.jpg,ha.bui62@example.com,0912460463,1,1997-05-24 11:36:20,Hải Phòng,2024-07-08 10:42:43,-1
7ec5de65-3d71-4efc-a56e-49ddf8096a1a,nga.nguyen17,EtGvqgc7kJ,Nguyễn Thị Minh Nga,Đam mê công nghệ và lập trình.,https://example.com/avatars/nga.nguyen17.jpg,nga.nguyen17@example.com,0942697354,1,1967-07-24 08:03:54,Cần Thơ,2022-06-03 01:12:32,1
1866def4-c854-4bcc-a696-595f48c456c7,nam.le67,X34xbuCx8f,Lê Văn Ngọc Nam,Tìm kiếm những trải nghiệm mới.,https://example.com/avatars/nam.le67.jpg,nam.le67@example.com,0952141938,0,1998-12-25 10:39:03,Vinh,2023-01-18 01:11:58,0
43447286-19ba-4680-a442-17e7e6baaed6,anh.vo75,UQGYvKnQAh,Võ Thị Anh,Một người hướng nội thích cà phê và những ngày mưa.,https://example.com/avatars/anh.vo75.jpg,anh.vo75@example.com,0979663347,1,1994-10-08 21:20:09,Huế,2024-10-09 04:15:28,0
6f3311a2-30ea-47fc-816b-00a60a5793c2,an.huynh79,ofYiBWa09W,Huỳnh Văn Hữu An,Yêu âm nhạc và chơi guitar.,https://example.com/avatars/an.huynh79.jpg,an.huynh79@example.com,0967365168,0,1985-07-14 04:30:06,Vũng Tàu,2023-12-15 16:10:51,3
72d7d5d0-90ce-45d6-aff6-594b45892680,chi.vu70,XJIFjMb7WC,Vũ Thị Chi,Đam mê công nghệ và lập trình.,https://example.com/avatars/chi.vu70.jpg,chi.vu70@example.com,0916994902,1,2005-08-31 03:39:48,Hải Phòng,2022-06-02 21:30:15,3
1ebf4471-9f75-4659-9a9d-92b65442f2cf,vy.vo57,HVqgcZ8hkA,Võ Văn Vy,Thích đọc sách và đi du lịch.,https://example.com/avatars/vy.vo57.jpg,vy.vo57@example.com,0936588861,1,1974-06-30 11:44:41,Đà Nẵng,2025-04-09 23:56:37,1
4f196b62-051a-4252-8f90-3f551a46764a,an.nguyen54,UD7GSslZbP,Nguyễn Ngọc Bảo An,Đam mê công nghệ và lập trình.,https://example.com/avatars/an.nguyen54.jpg,an.nguyen54@example.com,0943994220,1,1990-01-08 22:47:46,Huế,2023-10-07 03:04:13,4
0476ace2-36fe-49be-b038-85d603426a3b,an.huynh62,tiJrHcZB0t,Huỳnh Bảo Hữu An,Một người hướng nội thích cà phê và những ngày mưa.,https://example.com/avatars/an.huynh62.jpg,an.huynh62@example.com,0974376419,2,1973-03-20 14:20:34,Vinh,2025-04-30 18:27:56,0
a47cdb13-8db0-4494-bf08-a08f41f97b02,quan.ho94,hNCRFPJltI,Hồ Văn Quân,Tìm kiếm những trải nghiệm mới.,https://example.com/avatars/quan.ho94.jpg,quan.ho94@example.com,0988900295,0,1986-07-04 20:13:44,Hà Nội,2025-04-16 13:50:41,0
4ededee4-76ee-4d43-9438-b527547a026a,son.ly57,VoCqiVxD0a,Lý Gia Sơn,Thích đọc sách và đi du lịch.,https://example.com/avatars/son.ly57.jpg,son.ly57@example.com,0982248688,0,1972-11-20 23:06:26,TP. Hồ Chí Minh,2023-11-13 23:46:44,0
b3fea15e-e79d-47c5-9654-871ab8adf20b,quan.dang49,X0VJiCxbLX,Đặng Văn Quân,Tìm kiếm những trải nghiệm mới.,https://example.com/avatars/quan.dang49.jpg,quan.dang49@example.com,0938723297,0,1991-01-11 23:04:36,Biên Hòa,2024-07-01 06:13:43,-1
039c7ae3-9a6f-4f22-867c-a8d4c2115798,minh.hoang39,onDZSlqIBj,Hoàng Gia Minh,Đam mê công nghệ và lập trình.,https://example.com/avatars/minh.hoang39.jpg,minh.hoang39@example.com,0993172901,0,1966-04-13 01:32:40,Vinh,2021-02-12 18:42:13,-1
b90b4730-cfb7-453d-8f46-364d39e9693c,giang.dang12,kj9FGOZfMh,Đặng Thị Hữu Giang,Tìm kiếm những trải nghiệm mới.,https://example.com/avatars/giang.dang12.jpg,giang.dang12@example.com,0929358025,1,1996-09-01 09:17:17,Huế,2023-11-01 23:29:33,-1
b8aeaea7-fc15-49e6-9716-0e7a3e47e485,phuc.ngo62,DJbQdkJwZk,Ngô Văn Thị Phúc,Một người hướng nội thích cà phê và những ngày mưa.,https://example.com/avatars/phuc.ngo62.jpg,phuc.ngo62@example.com,0998574488,0,1982-01-07 20:52:24,Biên Hòa,2023-06-18 01:56:13,4
ad2a3765-cfd9-47b7-abe2-24b6b027fa33,viet.ngo12,u6Yh6vAb8h,Ngô Văn Minh Việt,Một người hướng nội thích cà phê và những ngày mưa.,https://example.com/avatars/viet.ngo12.jpg,viet.ngo12@example.com,0972599267,0,1995-10-24 20:27:49,Cần Thơ,2023-11-05 22:38:45,1
b056bf4f-5fca-41ed-a4d6-4e80beeb7d9b,thang.duong74,SKnLnDbVny,Dương Mỹ Thắng,Yêu âm nhạc và chơi guitar.,https://example.com/avatars/thang.duong74.jpg,thang.duong74@example.com,0958360673,0,1974-12-08 03:12:51,Cần Thơ,2024-07-31 10:58:56,0
efc806fe-553d-41b2-9be3-0c55e6416007,hung.le27,zBbalP2Zkg,Lê Văn Hùng,Tìm kiếm những trải nghiệm mới.,https://example.com/avatars/hung.le27.jpg,hung.le27@example.com,0934075471,0,1972-10-27 22:31:53,Hà Nội,2024-10-31 12:59:32,3
3ee7afc0-161c-4e12-87c4-6d8999d8ddf3,dung.ngo80,qldBGWMZZz,Ngô Mạnh Quốc Dung,Đam mê công nghệ và lập trình.,https://example.com/avatars/dung.ngo80.jpg,dung.ngo80@example.com,0968302844,1,1999-07-11 04:39:48,Huế,2023-02-19 09:54:59,0
31031836-669c-4a2d-b2b1-0c68a167f3d9,thang.duong88,uGfBWu34b3,Dương Văn Thắng,Thích đọc sách và đi du lịch.,https://example.com/avatars/thang.duong88.jpg,thang.duong88@example.com,0925906430,0,1993-08-18 02:41:56,Hải Phòng,2021-02-20 02:05:47,3
3f4ede28-9173-47ec-922c-2bdad505777f,trung.hoang33,u5B7aRFe1u,Hoàng Văn Phương Trung,Tìm kiếm những trải nghiệm mới.,https://example.com/avatars/trung.hoang33.jpg,trung.hoang33@example.com,0915738027,0,1971-03-26 17:41:51,Hải Phòng,2023-02-10 04:56:42,-1
b191e786-b25e-4774-b46a-d81200752052,binh.bui59,9klcv4n4bn,Bùi Công Bình,Một người hướng nội thích cà phê và những ngày mưa.,https://example.com/avatars/binh.bui59.jpg,binh.bui59@example.com,0948282950,0,1961-03-15 02:34:07,Biên Hòa,2022-06-07 04:53:42,0
03131c47-3d3b-4c55-9335-ba7174b609bb,yen.ngo79,RE1vJ3EAbl,Ngô Thị Yến,Thích đọc sách và đi du lịch.,https://example.com/avatars/yen.ngo79.jpg,yen.ngo79@example.com,0994971459,1,2001-06-06 04:01:55,Vũng Tàu,2023-01-08 05:31:47,-1
6d0ff78f-d123-4e4d-8ad9-f561b7c2bfa1,huy.dang91,DqtfPYQlyP,Đặng Văn Huy,Yêu âm nhạc và chơi guitar.,https://example.com/avatars/huy.dang91.jpg,huy.dang91@example.com,0917883364,0,2002-06-10 10:42:54,Vinh,2021-04-17 00:37:13,3
4a94fc33-9f2a-4411-946b-36e55744c86a,son.do14,jOw9b8krRD,Đỗ Quốc Sơn,Đam mê công nghệ và lập trình.,https://example.com/avatars/son.do14.jpg,son.do14@example.com,0940371213,2,1969-01-15 18:43:15,Biên Hòa,2022-11-02 23:41:57,4
181e93bd-2cf4-4783-b681-9742ec263146,an.bui13,h98fWQik5v,Bùi Văn Công An,Một người hướng nội thích cà phê và những ngày mưa.,https://example.com/avatars/an.bui13.jpg,an.bui13@example.com,0961469873,0,2004-04-12 18:35:42,Nha Trang,2025-05-07 23:33:22,4
94c76233-4baa-4ee0-a608-23aa9e3f0d10,dung.ho16,k16mh8ROU7,Hồ Minh Dũng,Đam mê công nghệ và lập trình.,https://example.com/avatars/dung.ho16.jpg,dung.ho16@example.com,0916892071,0,1989-05-10 05:19:59,Biên Hòa,2020-12-17 23:26:47,4
71559a06-dc20-4bd6-a856-b7d3dfc7342c,huong.huynh38,RfSXFgZin1,Huỳnh Hữu Ngọc Hương,Yêu âm nhạc và chơi guitar.,https://example.com/avatars/huong.huynh38.jpg,huong.huynh38@example.com,0933630923,1,1980-07-19 08:55:14,Hà Nội,2023-05-18 04:28:55,1
02682162-576c-4e38-acc1-3112c0d1b8cc,quan.tran70,6LzlF31XYt,Trần Văn Quân,Đam mê công nghệ và lập trình.,https://example.com/avatars/quan.tran70.jpg,quan.tran70@example.com,0946395200,0,1969-08-12 08:06:27,TP. Hồ Chí Minh,2022-08-18 01:08:44,3
ad430d70-4140-4b24-a017-69775e91dccb,long.vo80,6UTKt3LUZc,Võ Công Long,Tìm kiếm những trải nghiệm mới.,https://example.com/avatars/long.vo80.jpg,long.vo80@example.com,0991020568,0,1982-08-27 18:28:12,Nha Trang,2025-05-13 17:12:21,3
c25a8e93-9bf2-4c5f-a2ce-e12169e11ad0,minh.vu25,6YnCh6e7eJ,Vũ Gia Minh,Tìm kiếm những trải nghiệm mới.,https://example.com/avatars/minh.vu25.jpg,minh.vu25@example.com,0997258084,0,1965-09-03 16:33:22,Cần Thơ,2024-07-02 04:29:46,0
cb00707d-f5d5-4eda-883a-0e9c5fc13d05,mai.pham55,jfhX8byT2w,Phạm Thị Mai,Yêu âm nhạc và chơi guitar.,https://example.com/avatars/mai.pham55.jpg,mai.pham55@example.com,0915679673,1,1995-11-29 21:39:12,Biên Hòa,2021-04-29 15:43:21,-1
b2b47876-8099-4ce4-b666-44e60cfc9229,ly.duong1,HUsOf2KP8h,Dương Thị Phương Ly,Một người hướng nội thích cà phê và những ngày mưa.,https://example.com/avatars/ly.duong1.jpg,ly.duong1@example.com,0906919843,1,1974-01-17 09:34:52,Vũng Tàu,2022-10-18 06:09:57,-1
9337146c-7a85-4297-93f9-527dae26627c,minh.hoang64,aMUoFN4SZK,Hoàng Văn Minh,Thích đọc sách và đi du lịch.,https://example.com/avatars/minh.hoang64.jpg,minh.hoang64@example.com,0961701903,0,1997-05-09 01:33:09,Hải Phòng,2021-06-26 19:45:16,1
4dd170a4-98d7-4fff-bfa0-2bf249a5e9b9,hieu.dang14,ey73N99o8T,Đặng Văn Hiếu,Yêu âm nhạc và chơi guitar.,https://example.com/avatars/hieu.dang14.jpg,hieu.dang14@example.com,0938375102,0,1996-07-28 14:15:11,Nha Trang,2023-12-15 09:03:34,3
3c3e87f2-aeed-42fc-858d-c7d68a888977,phong.vo78,HruWR7GMCA,Võ Văn Phong,Một người hướng nội thích cà phê và những ngày mưa.,https://example.com/avatars/phong.vo78.jpg,phong.vo78@example.com,0968086532,0,1998-02-28 09:02:51,Vinh,2021-05-30 23:13:03,-1
8243517e-bd6d-4c37-85ca-7ab9e2cbf7f3,quynh.phan70,8SS2Xud1cD,Phan Thị Mạnh Quỳnh,Một người hướng nội thích cà phê và những ngày mưa.,https://example.com/avatars/quynh.phan70.jpg,quynh.phan70@example.com,0973785753,1,1974-06-21 22:55:25,Vinh,2023-05-26 01:10:33,-1
5f39590f-e3eb-4b91-80f9-8c5b67dc03dc,yen.phan41,pN5YG4S8Nw,Phan Công Yến,Một người hướng nội thích cà phê và những ngày mưa.,https://example.com/avatars/yen.phan41.jpg,yen.phan41@example.com,0900431924,1,1985-10-30 13:52:10,Đà Nẵng,2024-03-24 06:35:28,1
63ae476b-8130-4f9f-a3b1-94840053357c,trung.nguyen9,OQmIEnxwZM,Nguyễn Minh Bảo Trung,Tìm kiếm những trải nghiệm mới.,https://example.com/avatars/trung.nguyen9.jpg,trung.nguyen9@example.com,0945894079,0,1968-03-01 15:26:44,Biên Hòa,2023-02-08 22:42:13,4
65ff0f55-d26e-426f-99da-abe81fc884b6,yen.vo72,E5JgegbtEm,Võ Thị Yến,Tìm kiếm những trải nghiệm mới.,https://example.com/avatars/yen.vo72.jpg,yen.vo72@example.com,0933280933,1,1971-04-15 13:08:01,Nha Trang,2025-09-25 07:15:55,4
fcc059ed-49fc-406b-92b1-126308905dfa,trung.hoang67,rP9seto9cA,Hoàng Hữu Trung,Yêu âm nhạc và chơi guitar.,https://example.com/avatars/trung.hoang67.jpg,trung.hoang67@example.com,0985726592,0,1985-05-05 03:59:45,Đà Nẵng,2024-12-18 10:02:40,4
5d95432f-fd4f-4afe-a9b4-c848100d686f,phuc.ho97,HAbaZylVIY,Hồ Văn Phúc,Một người hướng nội thích cà phê và những ngày mưa.,https://example.com/avatars/phuc.ho97.jpg,phuc.ho97@example.com,0914034013,0,1987-05-01 23:50:14,Vinh,2021-08-20 09:10:57,1
eea6a721-d4a0-472a-89df-4aab251135fd,nam.do4,XdCbQ19LYX,Đỗ Ngọc Nam,Tìm kiếm những trải nghiệm mới.,https://example.com/avatars/nam.do4.jpg,nam.do4@example.com,0952420323,0,1991-11-10 13:26:52,Nha Trang,2021-02-12 10:15:24,-1
d237f7a5-889b-4d82-ba71-5a182faddcfb,trung.phan58,iwDiE6dR9d,Phan Bảo Trung,Đam mê công nghệ và lập trình.,https://example.com/avatars/trung.phan58.jpg,trung.phan58@example.com,0920570573,0,1987-11-19 10:21:21,Hà Nội,2023-10-15 19:43:45,3
68730859-9553-4fd9-bef2-555effa9a24f,phuong.vu22,TeG6nV9z8Y,Vũ Thị Phương,Một người hướng nội thích cà phê và những ngày mưa.,https://example.com/avatars/phuong.vu22.jpg,phuong.vu22@example.com,0909310299,1,1974-01-02 10:37:58,Biên Hòa,2025-04-17 11:26:40,0
c76ec385-7bb5-4a48-9a2d-8e417c95909f,ngoc.phan89,lAV8izqhWN,Phan Thị Ngọc,Đam mê công nghệ và lập trình.,https://example.com/avatars/ngoc.phan89.jpg,ngoc.phan89@example.com,0900869075,1,1966-01-05 21:26:57,Hà Nội,2025-06-07 13:35:27,-1
46d3ff51-b202-4f17-8491-52deeea23be1,minh.ho7,C2LXdZWXZU,Hồ Văn Minh,Thích đọc sách và đi du lịch.,https://example.com/avatars/minh.ho7.jpg,minh.ho7@example.com,0905612899,0,1972-10-28 12:59:53,Vũng Tàu,2021-09-05 21:06:29,3
ac2f79b5-3bce-4b00-bf99-69ae46a13db3,thanh.dang25,OxErskJuFC,Đặng Thị Thành,Yêu âm nhạc và chơi guitar.,https://example.com/avatars/thanh.dang25.jpg,thanh.dang25@example.com,0975352384,0,1987-10-27 17:03:05,Đà Nẵng,2023-12-21 05:38:51,3
c1788a35-25d3-489c-a121-2a0c0cea43aa,cuong.bui52,A0yUizh9Rz,Bùi Văn Cường,Yêu âm nhạc và chơi guitar.,https://example.com/avatars/cuong.bui52.jpg,cuong.bui52@example.com,0989223334,0,1982-12-31 08:38:57,TP. Hồ Chí Minh,2021-12-04 00:08:04,4
090e12ce-980c-4f11-8812-340313f78ed0,trung.phan13,Ud1p0g5x6o,Phan Văn Trung,Một người hướng nội thích cà phê và những ngày mưa.,https://example.com/avatars/trung.phan13.jpg,trung.phan13@example.com,0901691544,0,1993-06-20 23:38:44,Đà Nẵng,2022-05-06 02:56:15,4
27171e8b-0e9d-4d94-b60f-0414e202474e,anh.ho88,tibiC1eSMq,Hồ Đức Anh,Một người hướng nội thích cà phê và những ngày mưa.,https://example.com/avatars/anh.ho88.jpg,anh.ho88@example.com,0979613528,1,2003-11-12 18:42:00,Hà Nội,2021-05-23 13:39:25,0
b750f3e9-2058-44de-8f1d-581034609513,dung.ho75,ZS7GomEnGz,Hồ Hữu Dung,Thích đọc sách và đi du lịch.,https://example.com/avatars/dung.ho75.jpg,dung.ho75@example.com,0916015974,1,2003-01-10 20:38:40,Biên Hòa,2025-04-17 09:00:20,1
f7917acf-8898-48f9-9230-807efbf161dd,anh.tran72,QEXFpprcSs,Trần Thị Mỹ Anh,Tìm kiếm những trải nghiệm mới.,https://example.com/avatars/anh.tran72.jpg,anh.tran72@example.com,0982459083,1,1961-04-09 20:52:17,Vũng Tàu,2025-02-18 08:27:24,4
6c2b17dc-1858-4419-8276-6599c7b6ed41,ly.tran34,K5LjTkCc7s,Trần Thị Ly,Đam mê công nghệ và lập trình.,https://example.com/avatars/ly.tran34.jpg,ly.tran34@example.com,0984790519,1,1983-11-29 01:20:16,Vũng Tàu,2025-09-15 03:59:27,1
3a9f9977-8f1f-4051-8b13-6a3ce848d0fa,anh.nguyen7,Z5br0KBCKC,Nguyễn Thị Anh,Thích đọc sách và đi du lịch.,https://example.com/avatars/anh.nguyen7.jpg,anh.nguyen7@example.com,0985213611,1,1986-06-24 07:12:56,Biên Hòa,2024-11-23 17:40:22,3
3409096c-49f5-4e2c-8d80-75f550174be7,yen.pham41,eQYlqQCm4r,Phạm Gia Yến,Tìm kiếm những trải nghiệm mới.,https://example.com/avatars/yen.pham41.jpg,yen.pham41@example.com,0974689902,1,1974-03-17 09:43:44,Biên Hòa,2024-11-21 04:48:21,1
2ba25d27-054a-4276-b617-b09400506beb,hieu.tran16,0sdX4iE5OK,Trần Văn Hiếu,Đam mê công nghệ và lập trình.,https://example.com/avatars/hieu.tran16.jpg,hieu.tran16@example.com,0942885035,0,2004-01-06 05:50:31,Hải Phòng,2022-11-26 13:30:49,0
7c920e25-1bed-4916-9eb7-ec3877f257d3,phuc.bui9,TtSv9X1T90,Bùi Văn Mỹ Phúc,Yêu âm nhạc và chơi guitar.,https://example.com/avatars/phuc.bui9.jpg,phuc.bui9@example.com,0961468594,0,1973-12-11 21:41:35,TP. Hồ Chí Minh,2024-03-02 16:18:15,4
5e53bdd5-f2c2-4f9b-b4a3-2b6f75fb71a0,thao.vo55,OApPgP9ACr,Võ Hữu Thảo,Yêu âm nhạc và chơi guitar.,https://example.com/avatars/thao.vo55.jpg,thao.vo55@example.com,0952733348,1,1991-02-21 10:23:41,Cần Thơ,2021-02-23 09:54:20,1
8b62d81c-10ea-4575-8b2e-5f56f3a99119,linh.hoang53,ePGo3E6K6V,Hoàng Thị Linh,Đam mê công nghệ và lập trình.,https://example.com/avatars/linh.hoang53.jpg,linh.hoang53@example.com,0955824476,1,1965-08-01 23:54:08,Hải Phòng,2022-09-08 05:02:50,-1
37848612-cce9-420c-b9c5-165185a1cf47,giang.dang84,l8k415zFTv,Đặng Thị Giang,Đam mê công nghệ và lập trình.,https://example.com/avatars/giang.dang84.jpg,giang.dang84@example.com,0990631953,1,2002-11-15 20:57:10,Huế,2021-04-13 15:42:33,0
be74f3ec-3189-4022-b23f-1e59efe4bf85,ha.ngo61,Xc2Tl1Ifbj,Ngô Mạnh Hà,Yêu âm nhạc và chơi guitar.,https://example.com/avatars/ha.ngo61.jpg,ha.ngo61@example.com,0925997146,1,2000-02-25 01:49:21,Nha Trang,2020-10-22 14:53:45,0
461f4df7-ebed-4c69-8f17-2db9e68af074,trung.duong7,7fpTqxKaiZ,Dương Văn Mỹ Trung,Thích đọc sách và đi du lịch.,https://example.com/avatars/trung.duong7.jpg,trung.duong7@example.com,0988327715,0,1982-11-25 11:02:16,Cần Thơ,2023-05-13 08:06:39,3
cbfb55b3-3380-4ef8-951b-8cb61c37e9d6,tuan.vo26,ywAKqVTdZD,Võ Minh Tuấn,Yêu âm nhạc và chơi guitar.,https://example.com/avatars/tuan.vo26.jpg,tuan.vo26@example.com,0942001235,0,2002-02-06 21:25:38,Biên Hòa,2023-06-27 05:42:56,-1
903d2e0b-4282-4864-bf5a-f93fbcb0548d,uyen.dang39,R9TDOfLtb0,Đặng Thị Hữu Uyên,Một người hướng nội thích cà phê và những ngày mưa.,https://example.com/avatars/uyen.dang39.jpg,uyen.dang39@example.com,0935618812,1,1982-09-06 02:17:05,Vũng Tàu,2021-07-03 01:44:55,3
a475ef2c-d5c9-48a4-83ef-d04d1595b97e,huong.bui8,l9h8ZU5rXt,Bùi Gia Hương,Thích đọc sách và đi du lịch.,https://example.com/avatars/huong.bui8.jpg,huong.bui8@example.com,0977865492,1,1964-01-21 21:04:48,Hải Phòng,2021-07-20 05:05:30,-1
c989f043-1fda-49c3-80df-f91cbb2c9778,ngoc.hoang71,nHn0NbicYL,Hoàng Thị Văn Ngọc,Một người hướng nội thích cà phê và những ngày mưa.,https://example.com/avatars/ngoc.hoang71.jpg,ngoc.hoang71@example.com,0939334132,1,2002-11-10 02:05:22,Vinh,2024-11-19 13:03:06,-1
80a5f18d-bdd2-40f9-80db-38bbba7c030f,minh.ngo29,6zJDpmWFcP,Ngô Văn Minh,Đam mê công nghệ và lập trình.,https://example.com/avatars/minh.ngo29.jpg,minh.ngo29@example.com,0997364203,0,1971-01-02 21:59:21,TP. Hồ Chí Minh,2024-07-04 12:02:11,3
54f99967-b1e7-4381-a84b-b371f4dca18b,chi.dang36,idefUmC7t9,Đặng Thị Chi,Một người hướng nội thích cà phê và những ngày mưa.,https://example.com/avatars/chi.dang36.jpg,chi.dang36@example.com,0906175152,1,1966-11-13 02:12:35,Hải Phòng,2021-01-17 01:07:56,0
7343136b-2e88-4971-b8fa-5c716baf69c5,trang.le42,t7V4RoULCu,Lê Hữu Phương Trang,Một người hướng nội thích cà phê và những ngày mưa.,https://example.com/avatars/trang.le42.jpg,trang.le42@example.com,0906582199,1,1986-02-03 07:21:57,TP. Hồ Chí Minh,2021-02-06 20:05:15,3
97f9eaea-801b-44c2-99d2-119882ed170a,dung.ho58,iZJNVtNwVE,Hồ Công Mỹ Dung,Một người hướng nội thích cà phê và những ngày mưa.,https://example.com/avatars/dung.ho58.jpg,dung.ho58@example.com,0974144452,1,1983-04-02 13:23:20,Hải Phòng,2022-12-29 21:23:07,0
e837d69b-6aba-49f1-a605-f9a6acc535c9,ngoc.dang72,CVEfXO5ajG,Đặng Văn Ngọc,Yêu âm nhạc và chơi guitar.,https://example.com/avatars/ngoc.dang72.jpg,ngoc.dang72@example.com,0983504819,1,1960-12-30 15:18:54,Vũng Tàu,2022-10-10 11:56:46,4
6f0a44cd-03bc-4d05-89e8-677b1a1c9629,trang.duong72,RAcW1sK29o,Dương Văn Trang,Một người hướng nội thích cà phê và những ngày mưa.,https://example.com/avatars/trang.duong72.jpg,trang.duong72@example.com,0937712266,1,1972-12-30 16:05:25,Đà Nẵng,2022-08-07 08:17:34,3
67110453-c058-44ab-9f08-5c921b596755,dung.bui67,QmOX7I8jvm,Bùi Thị Dung,Yêu âm nhạc và chơi guitar.,https://example.com/avatars/dung.bui67.jpg,dung.bui67@example.com,0908764249,1,1990-08-08 20:52:45,Huế,2024-08-20 07:14:37,0
fa374107-8ef3-4371-94d5-29decd2b8e52,long.nguyen49,bq9wYuiitQ,Nguyễn Hữu Long,Yêu âm nhạc và chơi guitar.,https://example.com/avatars/long.nguyen49.jpg,long.nguyen49@example.com,0966796963,0,2003-08-17 12:31:17,Nha Trang,2024-09-03 03:54:09,4
7762a243-b058-43c0-8673-e8dec2b7e69a,giang.ho44,FAl52lpvCs,Hồ Thị Giang,Yêu âm nhạc và chơi guitar.,https://example.com/avatars/giang.ho44.jpg,giang.ho44@example.com,0983850929,1,1984-09-16 13:21:58,Hải Phòng,2021-04-26 04:15:51,1
3ce44e1a-9a8b-4da5-8152-2970fafb2922,ngoc.ho30,AEZYNIWQlJ,Hồ Thị Ngọc,Đam mê công nghệ và lập trình.,https://example.com/avatars/ngoc.ho30.jpg,ngoc.ho30@example.com,0933114691,1,1979-05-18 23:13:26,Nha Trang,2022-07-12 07:45:55,-1
094e686b-9dbc-48d9-869f-d24e52e5399a,nga.bui58,hXWgh0s80u,Bùi Minh Phương Nga,Tìm kiếm những trải nghiệm mới.,https://example.com/avatars/nga.bui58.jpg,nga.bui58@example.com,0935254423,1,1997-10-06 03:49:08,Huế,2024-11-22 19:32:02,1
9ee675a6-df62-4830-b7cf-882716155ab2,uyen.pham29,7KAKnfHWMH,Phạm Thị Uyên,Thích đọc sách và đi du lịch.,https://example.com/avatars/uyen.pham29.jpg,uyen.pham29@example.com,0927340391,1,1999-10-26 11:11:07,Hải Phòng,2022-07-28 00:47:50,1
4b55fb02-6e30-4507-8188-323d0418e549,phong.bui99,h5CsQgnlRc,Bùi Văn Phong,Một người hướng nội thích cà phê và những ngày mưa.,https://example.com/avatars/phong.bui99.jpg,phong.bui99@example.com,0979832986,0,1981-05-09 15:37:09,Huế,2022-08-02 06:21:57,0
74c820c9-1b60-47da-ae3d-c78c21166412,mai.phan58,LeXv1k8Ovm,Phan Thu Mai,Tìm kiếm những trải nghiệm mới.,https://example.com/avatars/mai.phan58.jpg,mai.phan58@example.com,0975304447,1,1963-02-04 15:24:00,Hải Phòng,2022-11-06 16:55:23,3
b267cf12-0d28-491b-b821-12def71bd372,khanh.phan47,GeevcOeFvE,Phan Văn Khánh,Tìm kiếm những trải nghiệm mới.,https://example.com/avatars/khanh.phan47.jpg,khanh.phan47@example.com,0947385535,0,2000-07-19 19:42:44,Hải Phòng,2021-04-16 11:49:03,1
981e5ea6-b2ae-4aad-a217-f3999a1eca3b,yen.le9,Ur6RdUqWEW,Lê Minh Thu Yến,Thích đọc sách và đi du lịch.,https://example.com/avatars/yen.le9.jpg,yen.le9@example.com,0972760556,1,1992-11-03 21:39:53,Nha Trang,2023-09-20 06:45:48,1
425306e0-588b-4e46-b172-a24a9fb85667,ngoc.hoang58,nBoMuYwwup,Hoàng Văn Ngọc,Thích đọc sách và đi du lịch.,https://example.com/avatars/ngoc.hoang58.jpg,ngoc.hoang58@example.com,0944772385,1,1981-01-26 12:35:09,Nha Trang,2022-04-05 14:02:10,-1
ea410176-f32c-4a93-b7bb-88f45b627720,thao.ngo19,WuTe90OgcI,Ngô Thị Mỹ Thảo,Đam mê công nghệ và lập trình.,https://example.com/avatars/thao.ngo19.jpg,thao.ngo19@example.com,0963573286,1,2005-05-23 02:58:52,Vũng Tàu,2025-02-06 21:36:55,-1
e82426f4-ca2c-44a2-9725-ed860ac12326,anh.ho87,GmQz3IWiJh,Hồ Thị Anh,Tìm kiếm những trải nghiệm mới.,https://example.com/avatars/anh.ho87.jpg,anh.ho87@example.com,0965597997,1,1979-07-29 15:49:08,Hà Nội,2024-04-17 17:57:12,1
2ed9319f-2ae6-402b-af4a-60afa76d3a0e,hieu.vo12,cvo2gZuCBQ,Võ Văn Hiếu,Yêu âm nhạc và chơi guitar.,https://example.com/avatars/hieu.vo12.jpg,hieu.vo12@example.com,0923551100,0,1965-02-14 00:11:01,Hải Phòng,2022-10-22 01:39:46,1
ae60094a-ce56-42f6-8a10-a68c0b3858bc,anh.vu42,WEMLty7dHB,Vũ Bảo Anh,Đam mê công nghệ và lập trình.,https://example.com/avatars/anh.vu42.jpg,anh.vu42@example.com,0958493719,1,1997-08-28 07:00:11,Hà Nội,2024-06-21 02:43:14,-1
84b8c629-f1f2-412f-8c6f-a868ac314122,phuong.ly57,bBsCPOEpyl,Lý Thị Phương,Yêu âm nhạc và chơi guitar.,https://example.com/avatars/phuong.ly57.jpg,phuong.ly57@example.com,0982187219,1,1960-01-12 02:27:46,Vũng Tàu,2023-12-06 21:45:22,4
f69db992-2925-4862-9f3d-b866bdc7f173,dung.bui17,MdFck6WpLT,Bùi Quốc Dũng,Thích đọc sách và đi du lịch.,https://example.com/avatars/dung.bui17.jpg,dung.bui17@example.com,0901264125,0,2002-07-29 13:29:49,Cần Thơ,2021-06-30 13:32:28,-1
dd030d04-62d8-4be3-b442-614741d98e47,vy.vu83,qS3QKqE9dv,Vũ Thị Vy,Tìm kiếm những trải nghiệm mới.,https://example.com/avatars/vy.vu83.jpg,vy.vu83@example.com,0965937012,1,1977-07-26 14:23:38,Cần Thơ,2022-05-02 19:57:04,3
baf3ea12-992f-4397-8b59-b2fd97ab99e6,thang.ngo29,pOJckTt3fQ,Ngô Văn Quốc Thắng,Yêu âm nhạc và chơi guitar.,https://example.com/avatars/thang.ngo29.jpg,thang.ngo29@example.com,0990498117,0,1972-06-11 05:59:32,Vũng Tàu,2023-03-22 09:02:49,0